{"Accels": [1.0131321466899714, 1.0137787906370062, 0.9981099344949902], "AccelBias": [-0.7414081654106928, 0.39009978609089596, 0.6709687086786122], "GyroBias": [-0.08976188261820839, -0.3343916088813734, 0.001688469895116205], "Mags": [1.0, 1.0, 1.0], "MagBias": [1.3995697389173076, 11.977000808274731, 2.591710243915795], "Magtransform": [[0.9701121417523703, -0.007259635747776467, 0.004158810872182082], [-0.007259635747776468, 0.8681586400143888, 0.11166216620458418], [0.004158810872182086, 0.11166216620458425, 1.2018135539242607]]}